{
  "patched_panel": "/mnt/data/hands_review_problem_latest/code/backend/ui/components/hands_review_panel_unified.py",
  "backups": [
    "/mnt/data/hands_review_problem_latest/code/backend/ui/components/hands_review_panel_unified.py.prevbak"
  ],
  "ui_patches": [
    "reusable_poker_game_widget.py",
    "bot_session_widget.py"
  ],
  "core_patches": [
    "flexible_poker_state_machine.py"
  ],
  "notes": [
    "Panel now uses backend.core.* imports and real backend modules",
    "Removed internal Hand/Engine stubs in panel",
    "Replaced import drift in UI widgets and core FPSM"
  ]
}