{
  "metadata": {
    "generated_at": "2025-08-15T02:20:00.000000",
    "total_hands": 1,
    "format": "working_test_hands",
    "version": "1.0"
  },
  "hands": [
    {
      "id": "cycle_test_hand_11",
      "initial_state": {
        "players": [
          {
            "name": "Player 1",
            "stack": 1000,
            "position": "BTN",
            "cards": [
              "Kh",
              "Kd"
            ],
            "is_human": false,
            "is_active": true,
            "has_folded": false,
            "current_bet": 0.0
          },
          {
            "name": "Player 2",
            "stack": 995,
            "position": "SB",
            "cards": [
              "As",
              "Ac"
            ],
            "is_human": false,
            "is_active": true,
            "has_folded": false,
            "current_bet": 5
          },
          {
            "name": "Player 3",
            "stack": 990,
            "position": "BB",
            "cards": [
              "Ah",
              "Kh"
            ],
            "is_human": false,
            "is_active": true,
            "has_folded": false,
            "current_bet": 10
          }
        ],
        "board": [],
        "pot": 15,
        "current_bet": 10,
        "dealer_position": 0,
        "small_blind": 5,
        "big_blind": 10
      },
      "actions": [
        {
          "street": "preflop_betting",
          "player_index": 0,
          "action": "call",
          "amount": 10.0,
          "explanation": "GTO call from Pos_0. GTO call from Pos_0. Hand has sufficient equity to continue at current price. Based on modern 3-max preflop ranges.",
          "pot_after": 25.0
        },
        {
          "street": "preflop_betting",
          "player_index": 1,
          "action": "call",
          "amount": 5,
          "explanation": "GTO call from Pos_1. GTO call from Pos_1. Hand has sufficient equity to continue at current price. Based on modern 3-max preflop ranges.",
          "pot_after": 30.0
        },
        {
          "street": "preflop_betting",
          "player_index": 2,
          "action": "bet",
          "amount": 21.0,
          "explanation": "GTO bet from Pos_2. GTO bet of $21 from Pos_2. Betting for value and/or protection. Based on modern 3-max preflop ranges.",
          "pot_after": 51.0
        },
        {
          "street": "preflop_betting",
          "player_index": 0,
          "action": "raise",
          "amount": 73.0,
          "explanation": "GTO raise from Pos_0. GTO raise to $73 from Pos_0. Hand strength justifies aggressive action. Based on modern 3-max preflop ranges.",
          "pot_after": 114.0
        },
        {
          "street": "preflop_betting",
          "player_index": 1,
          "action": "call",
          "amount": 63.0,
          "explanation": "GTO call from Pos_1. GTO call from Pos_1. Hand has sufficient equity to continue at current price. Based on modern 3-max preflop ranges.",
          "pot_after": 177.0
        },
        {
          "street": "preflop_betting",
          "player_index": 2,
          "action": "raise",
          "amount": 157.0,
          "explanation": "GTO raise from Pos_2. GTO raise to $157 from Pos_2. Hand strength justifies aggressive action. Based on modern 3-max preflop ranges.",
          "pot_after": 303.0
        },
        {
          "street": "preflop_betting",
          "player_index": 0,
          "action": "raise",
          "amount": 296.04999999999995,
          "explanation": "GTO raise from Pos_0. GTO raise to $296 from Pos_0. Hand strength justifies aggressive action. Based on modern 3-max preflop ranges.",
          "pot_after": 526.05
        },
        {
          "street": "preflop_betting",
          "player_index": 1,
          "action": "raise",
          "amount": 435.1,
          "explanation": "GTO raise from Pos_1. GTO raise to $435 from Pos_1. Hand strength justifies aggressive action. Based on modern 3-max preflop ranges.",
          "pot_after": 888.15
        },
        {
          "street": "preflop_betting",
          "player_index": 2,
          "action": "fold",
          "amount": 0.0,
          "explanation": "GTO fold from Pos_2. GTO fold from Pos_2 position. Hand doesn't meet minimum requirements for this spot. Based on modern 3-max preflop ranges.",
          "pot_after": 888.15
        },
        {
          "street": "preflop_betting",
          "player_index": 0,
          "action": "raise",
          "amount": 540.6925,
          "explanation": "GTO raise from Pos_0. GTO raise to $541 from Pos_0. Hand strength justifies aggressive action. Based on modern 3-max preflop ranges.",
          "pot_after": 1132.79
        },
        {
          "street": "end_hand",
          "player_index": 1,
          "action": "fold",
          "amount": 0.0,
          "explanation": "GTO fold from Pos_1. GTO fold from Pos_1 position. Hand doesn't meet minimum requirements for this spot. Based on modern 3-max preflop ranges.",
          "pot_after": 1132.79
        }
      ],
      "final_state": {
        "pot": 1132.79,
        "board": [],
        "players": [
          {
            "name": "Player 1",
            "stack": 1592.1,
            "cards": [
              "Kh",
              "Kd"
            ],
            "has_folded": false
          },
          {
            "name": "Player 2",
            "stack": 564.9,
            "cards": [
              "As",
              "Ac"
            ],
            "has_folded": true
          },
          {
            "name": "Player 3",
            "stack": 843.0,
            "cards": [
              "Ah",
              "Kh"
            ],
            "has_folded": true
          }
        ]
      }
    }
  ]
}