{
  "metadata": {
    "table_id": "Table 1",
    "hand_id": "GEN-001",
    "variant": "NLHE",
    "max_players": 6,
    "small_blind": 20000,
    "big_blind": 40000,
    "ante": 0,
    "rake": 0,
    "currency": "CHIPS",
    "started_at_utc": null,
    "ended_at_utc": null,
    "run_count": 1,
    "session_type": "review",
    "bot_strategy": null,
    "analysis_tags": [],
    "hole_cards": {
      "Player1": [
        "5s",
        "4s"
      ],
      "Player2": [
        "Kh",
        "Qd"
      ],
      "Player3": [
        "2c",
        "7h"
      ],
      "Player4": [
        "3d",
        "8s"
      ],
      "Player5": [
        "6h",
        "9c"
      ]
    }
  },
  "seats": [
    {
      "seat_no": 1,
      "player_id": "Player1",
      "display_name": "Chris Moneymaker",
      "starting_stack": 4700000,
      "is_button": true
    },
    {
      "seat_no": 2,
      "player_id": "Player2",
      "display_name": "Sammy Farha",
      "starting_stack": 2300000,
      "is_button": false
    },
    {
      "seat_no": 3,
      "player_id": "Player3",
      "display_name": "Folded Player 1",
      "starting_stack": 100000,
      "is_button": false
    },
    {
      "seat_no": 4,
      "player_id": "Player4",
      "display_name": "Folded Player 2",
      "starting_stack": 100000,
      "is_button": false
    },
    {
      "seat_no": 5,
      "player_id": "Player5",
      "display_name": "Folded Player 3",
      "starting_stack": 100000,
      "is_button": false
    },
    {
      "seat_no": 6,
      "player_id": "Player6",
      "display_name": "Folded Player 4",
      "starting_stack": 100000,
      "is_button": false
    }
  ],
  "hero_player_id": "Player1",
  "streets": {
    "PREFLOP": {
      "board": [],
      "actions": [
        {
          "order": 1,
          "actor_id": "Player5",
          "action": "POST_BLIND",
          "amount": 20000,
          "to_amount": 20000,
          "all_in": false,
          "note": null,
          "street": "PREFLOP",
          "posting_meta": {
            "blind_type": "SB"
          }
        },
        {
          "order": 2,
          "actor_id": "Player6",
          "action": "POST_BLIND",
          "amount": 40000,
          "to_amount": 40000,
          "all_in": false,
          "note": null,
          "street": "PREFLOP",
          "posting_meta": {
            "blind_type": "BB"
          }
        },
        {
          "order": 3,
          "actor_id": "Player3",
          "action": "FOLD",
          "amount": 0,
          "to_amount": null,
          "all_in": false,
          "note": null,
          "street": "PREFLOP",
          "posting_meta": null
        },
        {
          "order": 4,
          "actor_id": "Player4",
          "action": "FOLD",
          "amount": 0,
          "to_amount": null,
          "all_in": false,
          "note": null,
          "street": "PREFLOP",
          "posting_meta": null
        },
        {
          "order": 5,
          "actor_id": "Player5",
          "action": "FOLD",
          "amount": 0,
          "to_amount": null,
          "all_in": false,
          "note": null,
          "street": "PREFLOP",
          "posting_meta": null
        },
        {
          "order": 6,
          "actor_id": "Player6",
          "action": "FOLD",
          "amount": 0,
          "to_amount": null,
          "all_in": false,
          "note": null,
          "street": "PREFLOP",
          "posting_meta": null
        },
        {
          "order": 7,
          "actor_id": "Player1",
          "action": "CALL",
          "amount": 20000,
          "to_amount": 20000,
          "all_in": false,
          "note": null,
          "street": "PREFLOP",
          "posting_meta": null
        },
        {
          "order": 8,
          "actor_id": "Player2",
          "action": "CHECK",
          "amount": 0,
          "to_amount": null,
          "all_in": false,
          "note": null,
          "street": "PREFLOP",
          "posting_meta": null
        }
      ]
    },
    "FLOP": {
      "board": [
        "Kc",
        "Ts",
        "6c"
      ],
      "actions": [
        {
          "order": 9,
          "actor_id": "Player2",
          "action": "CHECK",
          "amount": 0,
          "to_amount": null,
          "all_in": false,
          "note": null,
          "street": "FLOP",
          "posting_meta": null
        },
        {
          "order": 10,
          "actor_id": "Player1",
          "action": "BET",
          "amount": 60000,
          "to_amount": 60000,
          "all_in": false,
          "note": null,
          "street": "FLOP",
          "posting_meta": null
        },
        {
          "order": 11,
          "actor_id": "Player2",
          "action": "CALL",
          "amount": 60000,
          "to_amount": 60000,
          "all_in": false,
          "note": null,
          "street": "FLOP",
          "posting_meta": null
        }
      ]
    },
    "TURN": {
      "board": [
        "Kc",
        "Ts",
        "6c",
        "8h"
      ],
      "actions": [
        {
          "order": 12,
          "actor_id": "Player2",
          "action": "CHECK",
          "amount": 0,
          "to_amount": null,
          "all_in": false,
          "note": null,
          "street": "TURN",
          "posting_meta": null
        },
        {
          "order": 13,
          "actor_id": "Player1",
          "action": "BET",
          "amount": 300000,
          "to_amount": 300000,
          "all_in": false,
          "note": null,
          "street": "TURN",
          "posting_meta": null
        },
        {
          "order": 14,
          "actor_id": "Player2",
          "action": "CALL",
          "amount": 300000,
          "to_amount": 300000,
          "all_in": false,
          "note": null,
          "street": "TURN",
          "posting_meta": null
        }
      ]
    },
    "RIVER": {
      "board": [
        "Kc",
        "Ts",
        "6c",
        "8h",
        "8d"
      ],
      "actions": [
        {
          "order": 15,
          "actor_id": "Player2",
          "action": "CHECK",
          "amount": 0,
          "to_amount": null,
          "all_in": false,
          "note": null,
          "street": "RIVER",
          "posting_meta": null
        },
        {
          "order": 16,
          "actor_id": "Player1",
          "action": "RAISE",
          "amount": 4280000,
          "to_amount": 4280000,
          "all_in": true,
          "note": null,
          "street": "RIVER",
          "posting_meta": null
        },
        {
          "order": 17,
          "actor_id": "Player2",
          "action": "CALL",
          "amount": 1900000,
          "to_amount": 1900000,
          "all_in": false,
          "note": null,
          "street": "RIVER",
          "posting_meta": null
        }
      ]
    }
  },
  "pots": [],
  "showdown": [],
  "final_stacks": {}
}