{
  "id": "gto_test_hand_10",
  "initial_state": {
    "players": [
      {
        "name": "Player 1",
        "stack": 990,
        "position": 0,
        "cards": [
          "Kh",
          "Kd"
        ],
        "is_human": false,
        "is_active": true,
        "has_folded": false,
        "current_bet": 10
      },
      {
        "name": "Player 2",
        "stack": 1000,
        "position": 1,
        "cards": [
          "As",
          "Ac"
        ],
        "is_human": false,
        "is_active": true,
        "has_folded": false,
        "current_bet": 0.0
      },
      {
        "name": "Player 3",
        "stack": 995,
        "position": 2,
        "cards": [
          "Ah",
          "Kh"
        ],
        "is_human": false,
        "is_active": true,
        "has_folded": false,
        "current_bet": 5
      }
    ],
    "board": [],
    "pot": 15,
    "current_bet": 10,
    "dealer_position": 1,
    "small_blind": 5,
    "big_blind": 10
  },
  "actions": [
    {
      "street": "preflop",
      "player_index": 1,
      "action": "raise",
      "amount": 30.0,
      "explanation": "GTO raise from Pos_1. Player 2 raises to $30.00 (putting in $30.00)",
      "pot_after": 45.0
    },
    {
      "street": "preflop",
      "player_index": 2,
      "action": "call",
      "amount": 25.0,
      "explanation": "GTO call from Pos_2. Player 3 calls $25.00",
      "pot_after": 70.0
    },
    {
      "street": "preflop",
      "player_index": 0,
      "action": "raise",
      "amount": 60.0,
      "explanation": "GTO raise from Pos_0. Player 1 raises to $70.00 (putting in $60.00)",
      "pot_after": 130.0
    },
    {
      "street": "preflop",
      "player_index": 1,
      "action": "call",
      "amount": 40.0,
      "explanation": "GTO call from Pos_1. Player 2 calls $40.00",
      "pot_after": 170.0
    },
    {
      "street": "preflop",
      "player_index": 2,
      "action": "raise",
      "amount": 120.0,
      "explanation": "GTO raise from Pos_2. Player 3 raises to $150.00 (putting in $120.00)",
      "pot_after": 290.0
    },
    {
      "street": "preflop",
      "player_index": 0,
      "action": "raise",
      "amount": 219.5,
      "explanation": "GTO raise from Pos_0. Player 1 raises to $289.50 (putting in $219.50)",
      "pot_after": 509.5
    },
    {
      "street": "preflop",
      "player_index": 1,
      "action": "raise",
      "amount": 359.0,
      "explanation": "GTO raise from Pos_1. Player 2 raises to $429.00 (putting in $359.00)",
      "pot_after": 868.5
    },
    {
      "street": "preflop",
      "player_index": 2,
      "action": "fold",
      "amount": 0.0,
      "explanation": "GTO fold from Pos_2. Player 3 folds",
      "pot_after": 868.5
    },
    {
      "street": "preflop",
      "player_index": 0,
      "action": "fold",
      "amount": 0.0,
      "explanation": "GTO fold from Pos_0. Player 1 folds",
      "pot_after": 868.5
    }
  ],
  "final_state": {
    "pot": 868.5,
    "board": [],
    "players": [
      {
        "name": "Player 1",
        "stack": 710.5,
        "cards": [
          "Kh",
          "Kd"
        ],
        "has_folded": true
      },
      {
        "name": "Player 2",
        "stack": 1439.5,
        "cards": [
          "As",
          "Ac"
        ],
        "has_folded": false
      },
      {
        "name": "Player 3",
        "stack": 850.0,
        "cards": [
          "Ah",
          "Kh"
        ],
        "has_folded": true
      }
    ]
  }
}