{
  "project_name": "Poker Training System - Hands Review Tab",
  "created_at": "2025-08-15T02:55:16.861723",
  "version": "1.0",
  "description": "Complete requirements package for fixing the Hands Review tab functionality",
  "current_status": {
    "practice_session_tab": "\u2705 Functional - Human vs AI gameplay working",
    "gto_simulation_tab": "\u2705 Functional - Bot vs bot simulation working",
    "hands_review_tab": "\u274c Non-functional - Next button doesn't work"
  },
  "hands_review_requirements": {
    "core_functionality": [
      "Hand selection from database/file list",
      "Load selected hand with complete game state",
      "Step-by-step action replay via Next button",
      "Display all hole cards (review mode)",
      "Show action explanations and reasoning",
      "Add/view comments for learning",
      "Reset to beginning of hand",
      "Session lifecycle management"
    ],
    "technical_requirements": [
      "Proper widget integration (Tkinter)",
      "Session state management",
      "Action sequence loading and replay",
      "Data format conversion and validation",
      "Display synchronization after actions",
      "Error handling for corrupt data",
      "Performance optimization (no conversion loops)"
    ],
    "user_experience": [
      "Intuitive hand selection interface",
      "Responsive Next button behavior",
      "Clear visual feedback for actions",
      "Educational value with explanations",
      "Consistent behavior across all hands"
    ]
  },
  "critical_issues": {
    "issue_1": {
      "title": "Next Button Immediate Completion",
      "description": "Session reports complete immediately instead of executing actions",
      "impact": "Core functionality completely broken",
      "priority": "CRITICAL"
    },
    "issue_2": {
      "title": "Widget Integration Problems",
      "description": "Missing methods causing AttributeError in UI",
      "impact": "UI crashes on hand loading",
      "priority": "HIGH"
    },
    "issue_3": {
      "title": "Data Conversion Loops",
      "description": "150+ repeated conversions causing performance issues",
      "impact": "Slow loading and potential state corruption",
      "priority": "MEDIUM"
    },
    "issue_4": {
      "title": "Import Path Inconsistencies",
      "description": "Mixed relative/absolute imports causing module errors",
      "impact": "Application startup failures",
      "priority": "MEDIUM"
    }
  },
  "module_responsibilities": {
    "UnifiedHandsReviewPanel": "Main UI coordination and hand loading",
    "HandsReviewBotSession": "Session management and action execution",
    "HandModelDecisionEngine": "Action sequence and completion detection",
    "HandsReviewSessionWidget": "UI controls and display integration",
    "GTOToHandConverter": "Data format conversion and validation",
    "ReusablePokerGameWidget": "Poker table display and rendering"
  },
  "success_criteria": [
    "User can select any hand from the list",
    "Load Selected Hand button properly initializes session",
    "Next button advances through actions one by one",
    "All hole cards visible during review",
    "Actions execute with proper explanations",
    "Hand completes when all actions finished",
    "Reset button returns to hand beginning",
    "No performance issues or crashes"
  ],
  "testing_approach": [
    "Unit tests for each core module",
    "Integration tests for UI and session coordination",
    "End-to-end tests simulating user interactions",
    "Performance tests for data loading",
    "Error handling tests with corrupt data"
  ]
}