{
  "package_name": "hands_review_problem_package_20250815_022745",
  "created_at": "2025-08-15T02:27:45.726740",
  "problem_description": "GUI Hands Review Next button failure",
  "root_cause": "Excessive hand conversion loops causing state corruption",
  "included_files": {
    "analysis": [
      "HANDS_REVIEW_PROBLEM_ANALYSIS.md"
    ],
    "code_files": 9,
    "test_files": 4,
    "data_files": 3,
    "log_files": 3
  },
  "key_findings": {
    "working_standalone_tests": true,
    "gui_conversion_loops": "150+ conversions instead of 1",
    "import_path_errors": "Multiple core.types import failures",
    "session_completion_bug": "Immediate completion instead of action execution"
  },
  "next_steps": [
    "Fix import paths (core.types -> core.poker_types)",
    "Implement conversion caching to prevent loops",
    "Debug session completion logic",
    "Test GUI integration end-to-end"
  ]
}