{
  "poker_sound_events": {
    "player_action_check": "player_check.wav",
    "player_action_call": "player_call.wav",
    "player_action_bet": "player_bet.wav",
    "player_action_raise": "player_raise.wav",
    "player_action_fold": "player_fold.wav",
    "player_action_all_in": "player_all_in.wav",
    "card_deal": "card_deal.wav",
    "card_shuffle": "shuffle-cards-46455.mp3",
    "chip_bet": "chip_bet.wav",
    "chip_collect": "pot_split.wav",
    "chip_multiple": "chip_bet_multiple.wav",
    "chip_single": "chip_bet_single.wav",
    "ui_notification": "turn_notify.wav",
    "ui_winner": "winner_announce.wav",
    "ui_fold": "fold_card_fold.wav"
  }
}
