{
  "metadata": {
    "table_id": "GTO-Table-1",
    "hand_id": "gto_test_hand_10",
    "variant": "NLHE",
    "max_players": 3,
    "small_blind": 5,
    "big_blind": 10,
    "ante": 0,
    "rake": 0,
    "currency": "CHIPS",
    "started_at_utc": "2025-08-15T00:47:39.614549Z",
    "ended_at_utc": null,
    "run_count": 1,
    "session_type": "gto",
    "bot_strategy": "gto_v1",
    "analysis_tags": [
      "gto_generated",
      "bot_vs_bot"
    ]
  },
  "seats": [
    {
      "seat_no": 1,
      "player_id": "Player 1",
      "display_name": "Player 1",
      "starting_stack": 990,
      "is_button": true
    },
    {
      "seat_no": 2,
      "player_id": "Player 2",
      "display_name": "Player 2",
      "starting_stack": 1000,
      "is_button": false
    },
    {
      "seat_no": 3,
      "player_id": "Player 3",
      "display_name": "Player 3",
      "starting_stack": 995,
      "is_button": false
    }
  ],
  "hero_player_id": "Player 1",
  "streets": {
    "PREFLOP": {
      "board": [],
      "actions": [
        {
          "order": 1,
          "actor_id": "Player 1",
          "action": "POST_BLIND",
          "amount": 10,
          "to_amount": 10,
          "all_in": false,
          "note": null,
          "street": "PREFLOP",
          "posting_meta": {
            "blind_type": "BB"
          }
        },
        {
          "order": 2,
          "actor_id": "Player 3",
          "action": "POST_BLIND",
          "amount": 5,
          "to_amount": 5,
          "all_in": false,
          "note": null,
          "street": "PREFLOP",
          "posting_meta": {
            "blind_type": "SB"
          }
        },
        {
          "order": 3,
          "actor_id": "Player2",
          "action": "RAISE",
          "amount": 30,
          "to_amount": 30,
          "all_in": false,
          "note": "GTO: GTO raise from Pos_1. Player 2 raises to $30.00 (putting in $30.00)",
          "street": "PREFLOP",
          "posting_meta": null
        },
        {
          "order": 4,
          "actor_id": "Player3",
          "action": "CALL",
          "amount": 25,
          "to_amount": 25,
          "all_in": false,
          "note": "GTO: GTO call from Pos_2. Player 3 calls $25.00",
          "street": "PREFLOP",
          "posting_meta": null
        },
        {
          "order": 5,
          "actor_id": "Player1",
          "action": "RAISE",
          "amount": 60,
          "to_amount": 60,
          "all_in": false,
          "note": "GTO: GTO raise from Pos_0. Player 1 raises to $70.00 (putting in $60.00)",
          "street": "PREFLOP",
          "posting_meta": null
        },
        {
          "order": 6,
          "actor_id": "Player2",
          "action": "CALL",
          "amount": 40,
          "to_amount": 40,
          "all_in": false,
          "note": "GTO: GTO call from Pos_1. Player 2 calls $40.00",
          "street": "PREFLOP",
          "posting_meta": null
        },
        {
          "order": 7,
          "actor_id": "Player3",
          "action": "RAISE",
          "amount": 120,
          "to_amount": 120,
          "all_in": false,
          "note": "GTO: GTO raise from Pos_2. Player 3 raises to $150.00 (putting in $120.00)",
          "street": "PREFLOP",
          "posting_meta": null
        },
        {
          "order": 8,
          "actor_id": "Player1",
          "action": "RAISE",
          "amount": 219,
          "to_amount": 219,
          "all_in": false,
          "note": "GTO: GTO raise from Pos_0. Player 1 raises to $289.50 (putting in $219.50)",
          "street": "PREFLOP",
          "posting_meta": null
        },
        {
          "order": 9,
          "actor_id": "Player2",
          "action": "RAISE",
          "amount": 359,
          "to_amount": 359,
          "all_in": false,
          "note": "GTO: GTO raise from Pos_1. Player 2 raises to $429.00 (putting in $359.00)",
          "street": "PREFLOP",
          "posting_meta": null
        },
        {
          "order": 10,
          "actor_id": "Player3",
          "action": "FOLD",
          "amount": 0,
          "to_amount": null,
          "all_in": false,
          "note": "GTO: GTO fold from Pos_2. Player 3 folds",
          "street": "PREFLOP",
          "posting_meta": null
        },
        {
          "order": 11,
          "actor_id": "Player1",
          "action": "FOLD",
          "amount": 0,
          "to_amount": null,
          "all_in": false,
          "note": "GTO: GTO fold from Pos_0. Player 1 folds",
          "street": "PREFLOP",
          "posting_meta": null
        }
      ]
    },
    "FLOP": {
      "board": [],
      "actions": []
    },
    "TURN": {
      "board": [],
      "actions": []
    },
    "RIVER": {
      "board": [],
      "actions": []
    }
  },
  "pots": [
    {
      "amount": 868,
      "eligible_player_ids": [
        "Player 1",
        "Player 2",
        "Player 3"
      ],
      "shares": [
        {
          "player_id": "Player 2",
          "amount": 868
        }
      ]
    }
  ],
  "showdown": [],
  "final_stacks": {
    "Player 1": 710,
    "Player 2": 1439,
    "Player 3": 850
  }
}