{
  "translation_test": {
    "test_name": "Bet Amount Translation",
    "expected_pot": 75.0,
    "actual_pot": 60.0,
    "pot_match": false,
    "action_success": true,
    "overall_success": false
  },
  "compatibility_test": {
    "total_hands_tested": 10,
    "successful_hands": 0,
    "failed_hands": 10,
    "hand_success_rate": 0.0,
    "total_actions": 20,
    "successful_actions": 20,
    "action_success_rate": 100.0,
    "results": [
      {
        "hand_id": "BB001",
        "total_actions": 2,
        "successful_actions": 2,
        "failed_actions": 0,
        "final_pot": 60.0,
        "expected_pot": 2015.0,
        "pot_match": false,
        "errors": [],
        "success": false,
        "action_success_rate": 100.0
      },
      {
        "hand_id": "BB002",
        "total_actions": 2,
        "successful_actions": 2,
        "failed_actions": 0,
        "final_pot": 60.0,
        "expected_pot": 2015.0,
        "pot_match": false,
        "errors": [],
        "success": false,
        "action_success_rate": 100.0
      },
      {
        "hand_id": "BB003",
        "total_actions": 2,
        "successful_actions": 2,
        "failed_actions": 0,
        "final_pot": 60.0,
        "expected_pot": 2015.0,
        "pot_match": false,
        "errors": [],
        "success": false,
        "action_success_rate": 100.0
      },
      {
        "hand_id": "BB004",
        "total_actions": 2,
        "successful_actions": 2,
        "failed_actions": 0,
        "final_pot": 60.0,
        "expected_pot": 2015.0,
        "pot_match": false,
        "errors": [],
        "success": false,
        "action_success_rate": 100.0
      },
      {
        "hand_id": "BB005",
        "total_actions": 2,
        "successful_actions": 2,
        "failed_actions": 0,
        "final_pot": 60.0,
        "expected_pot": 2015.0,
        "pot_match": false,
        "errors": [],
        "success": false,
        "action_success_rate": 100.0
      },
      {
        "hand_id": "BB006",
        "total_actions": 2,
        "successful_actions": 2,
        "failed_actions": 0,
        "final_pot": 60.0,
        "expected_pot": 2015.0,
        "pot_match": false,
        "errors": [],
        "success": false,
        "action_success_rate": 100.0
      },
      {
        "hand_id": "BB007",
        "total_actions": 2,
        "successful_actions": 2,
        "failed_actions": 0,
        "final_pot": 60.0,
        "expected_pot": 2015.0,
        "pot_match": false,
        "errors": [],
        "success": false,
        "action_success_rate": 100.0
      },
      {
        "hand_id": "BB008",
        "total_actions": 2,
        "successful_actions": 2,
        "failed_actions": 0,
        "final_pot": 60.0,
        "expected_pot": 2015.0,
        "pot_match": false,
        "errors": [],
        "success": false,
        "action_success_rate": 100.0
      },
      {
        "hand_id": "BB009",
        "total_actions": 2,
        "successful_actions": 2,
        "failed_actions": 0,
        "final_pot": 60.0,
        "expected_pot": 2015.0,
        "pot_match": false,
        "errors": [],
        "success": false,
        "action_success_rate": 100.0
      },
      {
        "hand_id": "BB010",
        "total_actions": 2,
        "successful_actions": 2,
        "failed_actions": 0,
        "final_pot": 60.0,
        "expected_pot": 2015.0,
        "pot_match": false,
        "errors": [],
        "success": false,
        "action_success_rate": 100.0
      }
    ]
  },
  "overall_success": false,
  "elapsed_time": 0.008279085159301758
}