{
  "master_volume": 1.0,
  "sounds_enabled": true,
  "voice_enabled": true,
  "sound_directory": "sounds",
  "sounds": {
    "BET": "poker_chips1-87592.mp3",
    "RAISE": "201807__fartheststar__poker_chips1.wav",
    "CALL": "poker_chips1-87592.mp3",
    "CHECK": "player_check.wav",
    "FOLD": "player_fold.wav",
    "ALL_IN": "allinpushchips-96121.mp3",
    "DEAL_HOLE": "shuffle-cards-46455 (1).mp3",
    "DEAL_BOARD": "deal-hole-cards.wav",
    "DEAL_FLOP": "deal-hole-cards.wav",
    "DEAL_TURN": "deal-hole-cards.wav",
    "DEAL_RIVER": "deal-hole-cards.wav",
    "SHOWDOWN": "game-start-6104.mp3",
    "END_HAND": "click-345983.mp3",
    "HAND_START": "click-1-384917.mp3",
    "ROUND_START": "turn_notify.wav",
    "ROUND_END": "turn_notify.wav",
    "POST_BLIND": "poker_chips1-87592.mp3",
    "POST_SMALL_BLIND": "poker_chips1-87592.mp3",
    "POST_BIG_BLIND": "poker_chips1-87592.mp3",
    "CHIP_BET": "chip_bet.wav",
    "CHIP_COLLECT": "pot_split.wav",
    "POT_RAKE": "pot_rake.wav",
    "POT_SPLIT": "pot_split.wav",
    "TURN_NOTIFY": "turn_notify.wav",
    "BUTTON_MOVE": "button_move.wav",
    "ACTION_TIMEOUT": "turn_notify.wav",
    "CARD_SHUFFLE": "card_deal.wav",
    "CARD_FOLD": "card_fold.wav",
    "CHIP_MULTIPLE": "chip_bet.wav",
    "CHIP_SINGLE": "chip_bet.wav",
    "MONEY_BAG": "chip_bet.wav",
    "COIN_DROP": "chip_bet.wav",
    "CASH_REGISTER": "pot_split.wav",
    "NOTIFICATION": "turn_notify.wav",
    "UI_CLICK": "button_move.wav",
    "DEALING_VARIATION": "571577__el_boss__playing-card-deal-variation-1.wav",
    "POKER_CHIPS": "201807__fartheststar__poker_chips1.wav"
  },
  "voice_sounds": {
    "announcer_female": {
      "all_in": "voice/announcer_female/all_in.wav",
      "bet": "voice/announcer_female/bet.wav",
      "call": "voice/announcer_female/call.wav",
      "check": "voice/announcer_female/check.wav",
      "dealing": "voice/announcer_female/dealing.wav",
      "fold": "voice/announcer_female/fold.wav",
      "raise": "voice/announcer_female/raise.wav",
      "shuffling": "voice/announcer_female/shuffling.wav",
      "winner": "voice/announcer_female/winner.wav",
      "your_turn": "voice/announcer_female/your_turn.wav"
    },
    "announcer_male": {
      "all_in": "voice/announcer_male/all_in.wav",
      "bet": "voice/announcer_male/bet.wav",
      "call": "voice/announcer_male/call.wav",
      "check": "voice/announcer_male/check.wav",
      "dealing": "voice/announcer_male/dealing.wav",
      "fold": "voice/announcer_male/fold.wav",
      "raise": "voice/announcer_male/raise.wav",
      "shuffling": "voice/announcer_male/shuffling.wav",
      "winner": "voice/announcer_male/winner.wav",
      "your_turn": "voice/announcer_male/your_turn.wav"
    },
    "dealer_female": {
      "all_in": "voice/dealer_female/all_in.wav",
      "bet": "voice/dealer_female/bet.wav",
      "call": "voice/dealer_female/call.wav",
      "check": "voice/dealer_female/check.wav",
      "dealing": "voice/dealer_female/dealing.wav",
      "fold": "voice/dealer_female/fold.wav",
      "raise": "voice/dealer_female/raise.wav",
      "shuffling": "voice/dealer_female/shuffling.wav",
      "winner": "voice/dealer_female/winner.wav",
      "your_turn": "voice/dealer_female/your_turn.wav"
    },
    "dealer_male": {
      "all_in": "voice/dealer_male/all_in.wav",
      "bet": "voice/dealer_male/bet.wav",
      "call": "voice/dealer_male/call.wav",
      "check": "voice/dealer_male/check.wav",
      "dealing": "voice/dealer_male/dealing.wav",
      "fold": "voice/dealer_male/fold.wav",
      "raise": "voice/dealer_male/raise.wav",
      "shuffling": "voice/dealer_male/shuffling.wav",
      "winner": "voice/dealer_male/winner.wav",
      "your_turn": "voice/dealer_male/your_turn.wav"
    },
    "hostess_female": {
      "all_in": "voice/hostess_female/all_in.wav",
      "bet": "voice/hostess_female/bet.wav",
      "call": "voice/hostess_female/call.wav",
      "check": "voice/hostess_female/check.wav",
      "dealing": "voice/hostess_female/dealing.wav",
      "fold": "voice/hostess_female/fold.wav",
      "raise": "voice/hostess_female/raise.wav",
      "shuffling": "voice/hostess_female/shuffling.wav",
      "winner": "voice/hostess_female/winner.wav",
      "your_turn": "voice/hostess_female/your_turn.wav"
    },
    "tournament_female": {
      "all_in": "voice/tournament_female/all_in.wav",
      "bet": "voice/tournament_female/bet.wav",
      "call": "voice/tournament_female/call.wav",
      "check": "voice/tournament_female/check.wav",
      "dealing": "voice/tournament_female/dealing.wav",
      "fold": "voice/tournament_female/fold.wav",
      "raise": "voice/tournament_female/raise.wav",
      "shuffling": "voice/tournament_female/shuffling.wav",
      "winner": "voice/tournament_female/winner.wav",
      "your_turn": "voice/tournament_female/your_turn.wav"
    }
  }
}